epoch,step,train_acc,train_loss
0,500,0.35992977023124695,0.3719501793384552
