train_loss,train_acc,epoch,step
2.675823211669922,0.013513513840734959,0,7
2.5295112133026123,0.22972972691059113,1,15
