test_loss,test_acc,epoch,step
0.41348764300346375,0.32322242856025696,0,59
